depth,avgy,stddevpp
1,1.633333,0.490133
5,7.218750,1.453236
10,13.580645,1.565763
15,19.961538,2.863296
18,22.851852,4.391458
